Post Title,Content Type,Engagement Rate (%),Total Engagement,Impressions,Hashtags,Created Date
"What will define Data Engineering in 2026? 🚀

We asked the experts, and their insights point to fundamental shifts.

Slide through to check out the expected trends—from Data Product Design to Smart Serverless Pipelines. 👇

#DataEngineering #DataTransformation #AI #BusinessIntelligence

Yogaprabha Jayachandran Loganathan Sivalingam Sai Prasean Reddy Shivareddygari Meghana K M Harsha Singh Dushyant Pawar",Carousel,21.73,442,2034,"#DataEngineering, #DataTransformation, #AI, #BusinessIntelligence",10/30/2025
"💻 Real-world problems demand real-world solutions. Our latest case study details how we transformed demand planning for a leading personal care brand by streamlining their forecasting. 

The result? Enabled planning and accelerated revenue growth. 📈 

🔗 Visit our website for more information about the work we do: https://lnkd.in/gtatUXpy

#DemandPlanning #SupplyChain #Forecasting #DigitalTransformation

Priyanka Prasad ",Carousel,7.1,91,1281,"#DemandPlanning, #SupplyChain, #Forecasting, #DigitalTransformation",10/23/2025
Festive greetings from all of us Acies Global! ✨ #Team #Celebration #Joy #Diwali,Video,4.2,74,1764,"#Team, #Celebration, #Joy, #Diwali",10/20/2025
"👩‍💻👨‍💻 We're hiring at Acies Global!

We are on the lookout for skilled individuals to join our team! We would love to connect with you if your expertise and experience align with the positions listed below:

🟨 𝐃𝐚𝐭𝐚 𝐒𝐜𝐢𝐞𝐧𝐭𝐢𝐬𝐭 
 Required experience: 2-12 years (Bengaluru or Chennai)

🔲 𝐅𝐮𝐥𝐥 𝐒𝐭𝐚𝐜𝐤 𝐄𝐧𝐠𝐢𝐧𝐞𝐞𝐫 (𝐄𝐥𝐢𝐱𝐢𝐫)
Required experience: 4-6 years (Bengaluru or Chennai)

🟨 𝐅𝐮𝐥𝐥-𝐒𝐭𝐚𝐜𝐤 .𝐍𝐄𝐓 𝐋𝐞𝐚𝐝
Required experience: 6+ years (Chennai)

🔲 𝐁𝐮𝐬𝐢𝐧𝐞𝐬𝐬 𝐀𝐧𝐚𝐥𝐲𝐬𝐭
Required experience: 4+ years (Bengaluru or Chennai)

🟨 𝐕𝐢𝐬𝐮𝐚𝐥 𝐂𝐨𝐧𝐭𝐞𝐧𝐭 𝐂𝐫𝐞𝐚𝐭𝐨𝐫
Required experience: 4+ years (Bengaluru)

📩 Excited to take the next step in your career? We want to hear from you! Please send your resume to 𝐡𝐫.𝐫𝐞𝐜𝐫𝐮𝐢𝐭@𝐚𝐜𝐢𝐞𝐬𝐠𝐥𝐨𝐛𝐚𝐥.𝐜𝐨𝐦 and make sure to include the position you're applying for in the subject line. 

#Hiring #HiringAlert #Jobs #Recruitment #WeAreHiring ",Image,5.48,520,9483,"#Hiring, #HiringAlert, #Jobs, #Recruitment, #WeAreHiring",10/14/2025
"We are pleased to announce our participation in Oracle AI World in Las Vegas next week.

Our Founder & CEO, Mukund Raghunath is ready to meet and engage with the global community of Oracle experts, partners, and industry leaders. We look forward to meaningful discussions and forging new connections at this premier event.

We hope to see you there!

🔗 https://lnkd.in/eW84v-kT

#OracleAI #AIWorld #AI #Oracle",Image,6.75,68,1007,"#OracleAI, #AIWorld, #AI, #Oracle",10/09/2025
"And that's a wrap! 🎙️ 
We've just returned from CSCMP EDGE 2025, and being amongst the vibrant supply chain community was an unforgettable experience!

We had the honor of speaking at the Innovation Theater, where we showcased our work on using Agentic AI to proactively mitigate tariff-related disruptions and leveraging LLMs to manage vendor contracts.

It was also a fantastic opportunity to meet, chat, and network with attendees from varied backgrounds. A heartfelt thanks to everyone who contributed to making this event truly memorable!  

CSCMP - Council of Supply Chain Management Professionals Rick Blasgen Vijay Sankararaman Mukund Raghunath Vamsi Priyatham",Image,13.81,199,1441,Null,10/09/2025
"Curious about how we tackle real-world challenges at Acies Global? 💻 

📈 Take a look at our recent case study that highlights how we improved forecast accuracy for a multinational food and beverage company.

🔗 Here's more information on our work: https://lnkd.in/gxT2-RfD

#CaseStudy #DemandPlanning #Forecasting #SupplyChain #Inventory",Carousel,24.59,361,1468,"#CaseStudy, #DemandPlanning, #Forecasting, #SupplyChain, #Inventory",10/09/2025
"Please join us at the Innovation Theater, where our esteemed speakers, Vijay Sankararaman (Board Advisor) and Vamsi Priyatham (Senior Consultant), will share valuable insights and discuss real-world applications of Generative AI in the supply chain function.

We look forward to welcoming you to this prominent industry event.

🔗 https://lnkd.in/gM6vbdgM

#GenAi #SupplyChain #CSCMP #CSCMPEdge #SupplyChainProfessionals",Image,6.59,96,1457,"#GenAi, #SupplyChain, #CSCMP, #CSCMPEdge, #SupplyChainProfessionals",10/06/2025
"The people you know, the stories you didn't. 
Beyond the keyboards, screens, boardrooms, and meetings, here's the amazing story of Aravind Pramod and his inspiring journey of discovery and growth. 💻 

Meet the team here: https://lnkd.in/gVfkNbB4

#Story #Team #Discovery #Life #Inspiration",Video,13.03,175,1343,"#Story, #Team, #Discovery, #Life, #Inspiration",10/04/2025
"The CSCMP Edge 2025 event is almost here! We're excited to be at National Harbor, Maryland on Tuesday, October 7th.

Catch the Acies Global team in action. Join us at the Innovation Theater on Tuesday where Vijay Sankararaman (Board Advisor, Acies Global) and Vamsi Priyatham (Senior Consultant, Acies Global) will share cutting edge ideas and real world examples of Gen AI in action.

Let's connect in person—don't miss Supply Chain's premier event!",Image,7.02,109,1553,Null,09/29/2025
"Curious about how we solve real-world problems at Acies Global? 👩‍💻 

Our latest case study explores how we handled migration of OBIEE Reports to OAC.

🔗 Learn more about our work here: 
https://lnkd.in/gsjc6Uh2 

#CaseStudy #OBIEE #ADW #OAC #Oracle",Carousel,36.98,379,1025,"#CaseStudy, #OBIEE, #ADW, #OAC, #Oracle",09/26/2025
"From #Chennai to Namma #Bengaluru, the spirit of the Acies Global Champions League is on fire! 🔥 

We swapped our keyboards for cricket bats and footballs for a day of pure #teamwork and #fun. It's moments like these that remind us how much we love working together. 

Enjoy a few highlights from the action!

🔗 Bringing it back to where it all began: A throwback to the highlights from AGCL in Chennai!  https://lnkd.in/gyy7wQnM",Video,10.21,247,2419,"#Chennai, #Bengaluru, #teamwork, #fun",09/23/2025
"How can a Fortune 1000 consumer electronics company effectively transform a manual, Excel-based process into a proactive and scalable system for product safety analysis? 

At Acies Global, we addressed this precise challenge. We assisted a leading consumer electronics company in transitioning to a robust, centralized database solution. 

Learn more about our approach and the impact we delivered in our latest #CaseStudy.

🔗 https://lnkd.in/gxT2-RfD

#DataArchitecture #AWS #Snowflake #Streamlit #DataIntegration",Carousel,30.91,353,1142,"#CaseStudy, #DataArchitecture, #AWS, #Snowflake, #Streamlit, #DataIntegration",09/19/2025
"We put Jeffry James in the hot seat for some rapid-fire questions!🔥
Check out the quick video to see what he had to say! 📽️ 

#Team #Culture #FunAtWork ##PositiveVibesOnly",Video,8.33,115,1380,"#Team, #Culture, #FunAtWork, #PositiveVibesOnly",09/16/2025
"🤖 AI is more than just a #marketing buzzword; it's fundamentally changing how we manage ad campaigns. 

📊 With advancements like smarter bidding and dynamic creative strategies, this technology is achieving new levels of efficiency and return on ad spend (ROAS). In this blog by Athiya Marium, we explore the real-world effects of AI on media buying and discuss why the future of the industry hinges on a partnership between humans and #AI.

🔗 https://lnkd.in/gktKBEs3

#DigitalMarketing #MediaBuying #ROAS #DigitalTransformation ",Image,6.77,109,1610,"#marketing, #AI, #DigitalMarketing, #MediaBuying, #ROAS, #DigitalTransformation",09/11/2025
"We're thrilled to welcome our newest Associate Trainees, Team Phoenix, to Acies Global!  🎉🎉 

We wish you all the best as you begin your professional journey with us and look forward to seeing the great things you'll accomplish.

#WelcomeAboard #CareerGrowth #Team #FutureLeaders",Video,13.07,353,2701,"#WelcomeAboard, #CareerGrowth, #Team, #FutureLeaders",09/08/2025
"🎯 Curious about the process behind tackling real-world challenges at Acies Global?

Check out our latest case study on how we enhanced forecast efficiency for a prominent food manufacturer. 🥫📈  

💻 Explore the impactful results of our work here: https://lnkd.in/gxT2-RfD

#CaseStudy #DigitalTransformation #Forecast #PredictiveAnalytics #Tech",Carousel,36.68,512,1396,"#CaseStudy, #DigitalTransformation, #Forecast, #PredictiveAnalytics, #Tech",09/05/2025
"The people you know, the stories you didn't. 
Beyond the keyboards, screens, boardrooms, and meetings, here's the amazing story of Baanu Rekha and her inspiring journey of resilience and growth. ✨ 

Meet the team here: https://lnkd.in/gVfkNbB4

#Story #Team #GrowthStory #Life #Inspiration ",Video,10.34,231,2233,"#Story, #Team, #GrowthStory, #Life, #Inspiration",09/02/2025
"Curious about how we solve real-world problems at Acies Global? 👩‍💻 

Our latest case study explores how we optimized inventory management for a leading FMCG brand.

Learn more about our work here: 
🔗 https://lnkd.in/gxT2-RfD

#DigitalTransformation #SupplyChain #Analytics #CaseStudy",Carousel,36.02,662,1838,"#DigitalTransformation, #SupplyChain, #Analytics, #CaseStudy",08/29/2025
"👩‍💻👨‍💻 We're hiring at Acies Global!

We are on the lookout for skilled individuals to join our team! We'd love to connect with you if your expertise and experience align with the roles below:

🟨 Visual Content Creator
Required experience: 4-5 years (Bengaluru)

🟨 Finance Executive 
Required experience: 1-3 years (Chennai)

🟨 Full-Stack .NET Lead
Required experience: 6+ years (Chennai)

🟨 Senior Data Scientist 
Required experience: 4-8 years (Bengaluru or Chennai)

🟨 Data Integration Consultant 
Required experience: 2-5 years (Bengaluru or Chennai)

📩 Interested? Please send your resume to 𝐡𝐫.𝐫𝐞𝐜𝐫𝐮𝐢𝐭@𝐚𝐜𝐢𝐞𝐬𝐠𝐥𝐨𝐛𝐚𝐥.𝐜𝐨𝐦 with the position you are applying for in the subject line.

#Hiring #HiringAlert #Jobs #Recruitment #WeAreHiring #DataScientist ",Image,6.2,901,14531,"#Hiring, #HiringAlert, #Jobs, #Recruitment, #WeAreHiring, #DataScientist",08/25/2025
"We put Pradeep Elumalai in the hot seat for some rapid-fire questions! 🔥
Check out the quick video to see what he had to say! 📽️ 

#FunAtWork #RapidFire #TeamSpirit #EmployeeEngagement",Video,12.02,171,1423,"#FunAtWork, #RapidFire, #TeamSpirit, #EmployeeEngagement",08/21/2025
"For decades, supply chains were designed for efficiency. However, the world has now changed. 

Today, the focus is on being agile and prepared for anything. In our latest blog post by Swathi S., we explore how companies can develop supply chains that are flexible yet resilient. 

Read more to discover how to transform uncertainty into a strategic advantage: https://lnkd.in/gukn2txs

#SupplyChain #DigitalTransformation #Blog #Procurement ",Image,3.97,94,2366,"#SupplyChain, #DigitalTransformation, #Blog, #Procurement",08/18/2025
"Wishing everyone a Happy Independence Day from all of us at Acies Global. ✨ 

#IndependenceDay #HappyIndependenceDay #2025 ",Video,10.78,211,1957,"#IndependenceDay, #HappyIndependenceDay, #2025",08/15/2025
"Curious how we solve real-world problems at Acies Global? 👩‍💻 

Our latest case study explores how we used Natural Language Processing to transform a client's data, which led to a boost in their forecast accuracy and better reporting across the board.

Learn more about our work here: 
🔗 https://lnkd.in/gxT2-RfD

#DigitalTransformation #NLP #Forecast #CaseStudy

Diwakar M",Carousel,40.69,551,1354,"#DigitalTransformation, #NLP, #Forecast, #CaseStudy",08/12/2025
"Beyond the desk, who are we?
We played a round of ""This or That"" to find out. 

Check out our team's choices!

#FunAtWork #Bengaluru #Team #Bonding ",Video,17.0,298,1753,"#FunAtWork, #Bengaluru, #Team, #Bonding",08/07/2025
"Interested in how we tackle real-world challenges at Acies Global? 👩‍💻

Our latest case study explores how to move beyond assumptions and measure the true value of business initiatives.

🔗Discover more about our work: https://lnkd.in/gxT2-RfD 

#CaseStudy #DigitalTransformation #BusinessAnalytics #Data",Carousel,38.1,608,1596,"#CaseStudy, #DigitalTransformation, #BusinessAnalytics, #Data",08/05/2025
"The people you know. The stories you didn’t. 
Beyond the keyboards, screens, boardrooms, and meetings. 
Here’s the amazing story of Dr. Geetha M and her inspiring journey.  

Meet our team here: https://lnkd.in/gVfkNbB4

#PeopleOfAcies #Team #Inspiration #GrowthStory #Goals ",Video,11.57,217,1875,"#PeopleOfAcies, #Team, #Inspiration, #GrowthStory, #Goals",08/01/2025
"When multiple brands from the same enterprise target the same customer with disconnected ads in programmatic advertising, it leads to noise, fatigue, and wasted spend.

What if your brands could work together instead of competing?

In his latest blog, Kumar M explores how to move from fragmented campaigns to a unified, customer-centric strategy that boosts relevance, ROI, and engagement.

🔗 Read more here: https://lnkd.in/g3KqvUzB

#ProgrammaticAdvertising #RealTimeBidding #CustomerExperience #DigitalMarketing #AI",Image,8.62,212,2458,"#ProgrammaticAdvertising, #RealTimeBidding, #CustomerExperience, #DigitalMarketing, #AI",07/28/2025
"A day away from keyboards and deliverables,
Of teamwork,
Of friendly competition,
Of unlimited fun and so much more!

Check out the action from our Acies Global Champions League!

#TeamWork #SportsDay #Champions #FunAtWork",Video,12.24,389,3177,"#TeamWork, #SportsDay, #Champions, #FunAtWork",07/25/2025
"Curious how we solve real-world challenges at Acies Global? 🎯

Check out our latest case study on enabling large-scale consumption of R&D Data.

🔗 Learn more about our work: https://lnkd.in/gxT2-RfD

#CaseStudy #DigitalTransformation #Analytics #TechSolutions",Carousel,20.08,641,3193,"#CaseStudy, #DigitalTransformation, #Analytics, #TechSolutions",07/23/2025
"We recently caught up with Vijay Krishna for a short Q&A, where he talks about his take🎬on topics like travel, team and Acies Global.

Dive into his insights in this quick video! 📽️

#CTOInsights #TechLeadership #RapidFire #WorkCulture",Video,9.99,319,3194,"#CTOInsights, #TechLeadership, #RapidFire, #WorkCulture",07/18/2025
"We were out of office!

Every quarter, we make it a point to take a break from our keyboards and meeting rooms to unwind, recharge, and have some #fun together. Here’s a sneak peek of our latest outing!

#TeamOuting #TeamWork #StrongerTogether #FunAtWork
",Video,12.22,371,3037,"#fun, #TeamOuting, #TeamWork, #StrongerTogether, #FunAtWork",07/15/2025
"Developing effective methods to monitor and quantify customer satisfaction is crucial for gaining a clearer understanding of how current business practices are perceived by customers. Mukund Raghunath, along with fellow members of the Forbes Business Council, shares valuable insights into the strategies they employ to accurately measure customer success and happiness. These approaches are essential for ensuring that organizations remain aligned with their customers' needs and expectations.

🔗 Get all the perspectives in one place. Find the full article here: https://lnkd.in/e4XePciT
",Image,7.46,181,2426,Null,07/10/2025
"Interested in how we address real-world challenges at Acies Global? 🎯 

Take a look at our latest case study on isolating the impact of Limited Edition color launches on a Consumer Electronics Product Line.

🔗 Dive into our work here: https://lnkd.in/gxT2-RfD

#CaseStudy #DataScience #BusinessAnalytics #ConsumerElectronics

Preethi Srikanth Vamsi Priyatham Dr. Geetha M SAIRAM A",Carousel,30.75,485,1577,"#CaseStudy, #DataScience, #BusinessAnalytics, #ConsumerElectronics",07/08/2025
"👩‍💻👨‍💻 We're hiring at Acies Global

We are on the lookout for skilled individuals to join our team! We'd love to connect with you if your expertise and experience align with the roles below:

🟨 Data Integration Consultant 
Required experience: 2-5 years (Chennai or Bengaluru)

🟨 Supply Chain Consultant 
Required experience: 2-5 years (Chennai or Bengaluru)

🟨 Full-Stack Developer 
Required experience: 6+ years (Chennai or Bengaluru)

🟨 Full-Stack.NET Lead 
Required experience: 6+ years (Chennai only)

🟨 Senior Data Scientist 
Required experience: 8-10 years (Chennai or Bengaluru)

📩 Interested? Send your resume to 𝐡𝐫.𝐫𝐞𝐜𝐫𝐮𝐢𝐭@𝐚𝐜𝐢𝐞𝐬𝐠𝐥𝐨𝐛𝐚𝐥.𝐜𝐨𝐦 with the position you're applying for in the subject line.

#hiring #hiringalert #jobs #recruitment ",Image,7.04,774,11001,"#hiring, #hiringalert, #jobs, #recruitment",07/03/2025
"In today's hyper-connected world, we're constantly bombarded with information. From endless social media posts to a flurry of emails, our attention has become the most valuable and scarce commodity. Understanding how human attention works isn't just an advantage for businesses and marketers—it's the foundation of any successful digital strategy.

So, how do we cut through the noise and truly capture an audience's focus? More importantly, can we predict and strategically guide where that attention will go?

🔗 Here's a blog from Jeffry James that dives deep into the subject: https://lnkd.in/gQvzGQhZ
",Image,7.57,176,2324,Null,07/01/2025
"
We put Geethanjali A in the hot seat for some fun rapid-fire 🔥questions! 
Check out the quick video to see what she had to say! 💁‍♀️

#Fun #RapidFire #Team ",Video,9.17,191,2083,"#Fun, #RapidFire, #Team",06/27/2025
"Interested in how we address real-world challenges at Acies Global? 🎯 

Take a look at our latest case study on optimizing and reducing carbon footprint for a biodiesel refinery.

🔗 Dive into our work here: https://lnkd.in/gxT2-RfD

#CaseStudy #Sustainability #CarbonFootprint #Analytics ",Carousel,25.27,325,1286,"#CaseStudy, #Sustainability, #CarbonFootprint, #Analytics",06/24/2025
"On this International Yoga Day, pause.
Breathe deeply.
Stretch.
Embrace wellness and connect with your inner self. 🧘 

#yoga #wellness #yogaday #india",Image,4.28,43,1004,"#yoga, #wellness, #yogaday, #india",06/21/2025
"The people you know. The stories you didn’t. 
Beyond the keyboards, screens, boardrooms, and meetings. 
Here’s the amazing story of Vamsi Priyatham and his passion for sports. 

Meet the team here: https://lnkd.in/gVfkNbB4

#team #sports #story #inspiration ",Video,9.89,138,1396,"#team, #sports, #story, #inspiration",06/17/2025
"It’s that time of year again! ✨

Our newest batch of #interns has joined our #Bengaluru office, and we can’t help but be inspired by their limitless #energy. 

Wishing Team Nebula the best as they begin their professional journey at Acies Global! 🤝 ",Image,11.36,745,6559,"#interns, #Bengaluru, #energy",06/12/2025
"We put Gaury K in the hot seat for some fun rapid-fire questions! 
Check out the quick video to see what she had to say! 💁‍♀️ ",Video,11.51,224,1946,Null,06/09/2025
"In today’s fast-paced global economy, logistics involves much more than simply transporting goods from point A to point B. It’s about accomplishing these tasks in a smarter, faster, and more sustainable way.

In this blog, Swathi S. examines how artificial intelligence (AI) is transforming the capabilities of modern supply chains.

🔗 You can find this interesting read here: https://lnkd.in/gxjfvRwJ

#Logistics #SupplyChain #AI #Economy",Image,7.14,130,1820,"#Logistics, #SupplyChain, #AI, #Economy",06/03/2025
"Ever wonder who the ""Snack Hoarder"" or ""Most Talkative"" is on our team? We just wrapped up a super-fun #awards 🏆  session recognizing those unique (and hilarious!) qualities that make us, us! 🤝

See the lighter side of our #team in this short video!",Video,12.66,369,2914,"#awards, #team",05/30/2025
"Have you ever wondered how organizations unlock hidden potential in their data? 

We're pulling back the curtain!
Our latest case study showcases an example of our work in action.

🔗 Learn more here: https://lnkd.in/gxT2-RfD

#CaseStudy #Pharmaceuticals #DataIntegration #AWS

Hemachandran Udayakumar",Carousel,41.23,665,1613,"#CaseStudy, #Pharmaceuticals, #DataIntegration, #AWS",05/27/2025
"The amazing energy at our Chennai floor! ✨ 

We can't wait to share a little glimpse of our vibes, favorites, and the team that make Acies Global special.

Also, read more about our team here: https://lnkd.in/gVfkNbB4

#AciesGlobal #Team #Energy #Growth",Video,16.63,646,3884,"#AciesGlobal, #Team, #Energy, #Growth",05/20/2025
"Curious about how we tackle real-world challenges at Acies Global? 🎯 

Check out our recent case study on enhancing brand engagement on an 
e-commerce platform. 

🔗Know more about our work here: https://lnkd.in/gsjc6Uh2

#casestudy #brand #ecommerce #analytics",Carousel,42.55,494,1161,"#casestudy, #brand, #ecommerce, #analytics",05/16/2025
"The people you know. The stories you didn’t. 
Beyond the keyboards, screens, boardrooms, and meetings. 
Here’s the amazing story of Geethanjali A and her love for her furry friends. 

#story #PeopleOfAcies #inspiration #change

Meet the team here: https://lnkd.in/gVfkNbB4",Video,11.45,183,1598,"#story, #PeopleOfAcies, #inspiration, #change",05/13/2025
"Here’s what our team shared when we asked them about the first thing that pops into their minds when they hear ""Acies Global."" ✨ 

#team #fun #office",Video,16.17,432,2671,"#team, #fun, #office",05/08/2025
"We are pleased to announce that Vijay Sankararaman, a renowned expert in digital transformation and supply chain, has joined our Advisory Board.

Vijay is a seasoned product and technology leader with a track record of driving transformative supply chain initiatives across Fortune 50 companies including Walmart, Home Depot, and Lowe’s. He is widely recognized for championing a product-centric mindset and advancing next-generation engineering practices. His leadership has accelerated enterprise-wide transformation through cutting-edge technologies such as AI and ML, cloud platforms, robotics, and automation—redefining customer experiences and enabling frictionless commerce.

Vijay currently serves as a Board Advisor to Retail AI & Analytics Council and the Blue Yonder CEO’s Tech Council. A respected thought leader, he is frequently invited to speak on digital transformation at MIT, and mentors high-growth startups. An alumnus of Harvard Business School, Vijay has contributed meaningfully to the HBS Club of Houston, expanding its community-focused initiatives. His guidance has also been instrumental in steering a private equity-backed startup to a successful IPO.

At Acies Global, we are honored to benefit from Vijay Sankararaman’s visionary thinking, deep industry expertise, and collaborative leadership style as we continue to scale our digital and supply chain impact.

Welcome aboard, Vijay! We’re excited to shape the future together!

#Advisor #SupplyChain #Growth #Board",Image,7.26,243,3346,"#Advisor, #SupplyChain, #Growth, #Board",05/05/2025
"Reflecting on the legacy of Carl Friedrich Gauss, often referred to as the ""Prince of Mathematicians"", on his birth anniversary.

#Mathematics #Maths #Gauss #STEM",Carousel,28.23,361,1279,"#Mathematics, #Maths, #Gauss, #STEM",04/30/2025
"🛒 𝐑𝐞𝐭𝐚𝐢𝐥 𝐢𝐬 𝐞𝐯𝐨𝐥𝐯𝐢𝐧𝐠 𝐟𝐚𝐬𝐭, 𝐚𝐧𝐝 𝐆𝐞𝐧𝐞𝐫𝐚𝐭𝐢𝐯𝐞 𝐀𝐈 𝐢𝐬 𝐚𝐭 𝐭𝐡𝐞 𝐡𝐞𝐚𝐫𝐭 𝐨𝐟 𝐢𝐭. 

In this blog, Abhibrata Chaudhuri explores how GenAI is helping brands tackle key challenges—dynamic pricing, hyper-personalized customer engagement, and agile supply chains.

A great read on how cutting-edge AI techniques are reshaping retail from the ground up.
https://lnkd.in/eRP4mg-G

#GenAI #RetailInnovation #AIinRetail #CustomerEngagement",Image,7.35,160,2178,"#GenAI, #RetailInnovation, #AIinRetail, #CustomerEngagement",04/25/2025
"Today marks the 55th anniversary of #EarthDay! This year’s theme, ‘Our Power, Our Planet,’ calls for urgent global action, particularly championing the push to triple clean electricity generation by 2030. It’s a day that unites over a billion people globally to raise awareness about climate change, resource depletion, and the critical need for environmental protection.

For 55 years, Earth Day has spurred awareness and action. While individual efforts like reducing waste and conserving water are vital, the scale of the environmental challenges we face – highlighted as top global risks – demands a fundamental shift, especially within the corporate world.
It’s time for businesses to evolve beyond traditional ESG reporting and compliance. The real opportunity lies in embracing #CompetitiveSustainability. This isn’t just about reducing harm or ticking boxes; it’s about strategically embedding sustainability into the core of your business model to unlock innovation, build long-term resilience, attract conscious customers and ultimately, gain a decisive competitive edge.
Companies leading this charge view sustainability not as a cost, but as the key to future market leadership. They are asking, “How can we create sustainable solutions and maintain my market?” 

GreenMath, our #Sustainability platform, is our way to help large enterprises move beyond baseline ESG and harness sustainability as a core driver of competitive advantage, innovation, and value creation.

On this #EarthDay2025, let’s commit to using our collective corporate power for the planet. 

How is your organization integrating sustainability not just for compliance, but as a strategic driver for future success? Share your thoughts below! 👇

#EarthDay #ClimateTech #ESG #ClimateAction #BusinessStrategy #Innovation #CorporateResponsibility #RenewableEnergy #Climetrics #GreenMath
",Image,6.74,104,1544,"#EarthDay, #CompetitiveSustainability, #Sustainability, #EarthDay2025, #EarthDay, #ClimateTech, #ESG, #ClimateAction, #BusinessStrategy, #Innovation, #CorporateResponsibility, #RenewableEnergy, #Climetrics, #GreenMath",04/22/2025
"Wishing everyone a joyous and peaceful #Easter from all of us at Acies Global!

May this special time bring you moments of happiness and togetherness. Enjoy the #celebrations! 🐇 ",Image,7.77,65,837,"#Easter, #celebrations",04/20/2025
"The people you know. The stories you didn’t. 
Beyond the keyboards, screens, boardrooms, and meetings. 
Here's the incredible story of our Keerthivasan Velu and his journey of discovering his strengths. 

#team #story #learning #growth ",Video,11.99,283,2360,"#team, #story, #learning, #growth",04/15/2025
"Curious about how we tackle real-world challenges at Acies Global? 

Check out our recent case study on optimizing data ingestion for a leading discount retailer.

🔗Know more about our work here: https://lnkd.in/gsjc6Uh2

Souvik Kar

#DataAnalytics #DataIngestion #Retail #Analytics",Carousel,51.35,834,1624,"#DataAnalytics, #DataIngestion, #Retail, #Analytics",04/08/2025
"💌 Sneak peek on the occasion of International Fun Day at Work. 
This is how we roll. Come join the fun at Acies Global! ✨

#FunAtWorkDay #WorkWithJoy #TeamSpirit #InternationalFunAtWorkDay",Video,17.12,458,2675,"#FunAtWorkDay, #WorkWithJoy, #TeamSpirit, #InternationalFunAtWorkDay",04/01/2025
"Curious about how we address real-world challenges at Acies Global? 

Here's our recent case study on decoding the science of User Engagement, and how we defined actions that optimized Lifetime Value.

🔗Know more about our work here: https://lnkd.in/gxT2-RfD

Keerthivasan Velu

#UserEngagement #CaseStudy #DataScience #DataAnalytics",Carousel,41.04,731,1781,"#UserEngagement, #CaseStudy, #DataScience, #DataAnalytics",03/26/2025
"Modern customers don’t follow a straight path to purchase.

Traditional models overlook early touchpoints and misallocate budgets. Multi-Touch Attribution (MTA) powered by Markov Chains & Machine Learning helps uncover hidden influences and optimize marketing spend.

In this blog, Kumar M explores how brands are leveraging advanced attribution to drive smarter decisions: https://lnkd.in/gv9kisFU

#MTA #MarketingAttribution #AI #MarketingScience",Image,7.47,132,1767,"#MTA, #MarketingAttribution, #AI, #MarketingScience",03/21/2025
"👩‍💻👨‍💻 We're hiring at Acies Global.

We’re on the lookout for talented individuals to join our team! If your skills and experience align with any of the roles below, we’d love to connect with you.

◼️ Account Manager - US
🔳 Business Development Executive
◼️ Senior Data Engineer - Pyspark & Hadoop
◼️ Data Scientist
◼️ Senior Data Scientist
◼️ o9 Supply Chain Consultant

📩 Interested? Send your resume to 𝐡𝐫.𝐫𝐞𝐜𝐫𝐮𝐢𝐭@𝐚𝐜𝐢𝐞𝐬𝐠𝐥𝐨𝐛𝐚𝐥.𝐜𝐨𝐦 with the position you’re applying for in the subject line.

#hiring #hiringalert #jobs #data #datascience",Image,8.59,1574,18326,"#hiring, #hiringalert, #jobs, #data, #datascience",03/19/2025
"Pi Day, celebrated on March 14th (3/14), honors the mathematical constant π (pi).

It's a day for math enthusiasts to appreciate the beauty and importance of mathematics in our world.

#piday #pi #data #mathematics ",Video,6.53,82,1256,"#piday, #pi, #data, #mathematics",03/14/2025
"🚀 Exciting News! Acies is proud to announce our partnership with The Modern Data Company to accelerate enterprise data readiness! 📊

This collaboration will empower businesses to unlock the full potential of their data, driving smarter decisions and innovation. Together, we’re committed to enabling organizations to achieve seamless data integration, governance, and scalability.

🔗 Read more about how we’re shaping the future of data-driven enterprises: https://lnkd.in/gMx5ZBzf

#data #innovation #partnership #enterprisesolutions 

Let’s transform the way businesses leverage data! 💡",Image,7.55,192,2542,"#data, #innovation, #partnership, #enterprisesolutions",03/13/2025
"The people you know. The stories you didn’t. Beyond the keyboards, screens, boardrooms, and meetings. Here's the incredible story of our Keerthana Bharaneedharan and her journey of creating meaningful impact! ✨ 

#story #impact #team #change",Video,12.17,243,1997,"#story, #impact, #team, #change",03/12/2025
"Happy International Women's Day from all of us at Acies Global! ✨ 

#strong #women #womensday #celebration",Carousel,30.72,755,2458,"#strong, #women, #womensday, #celebration",03/08/2025
"✨ Here is a selection of inspiring quotes from those who courageously pursued their dreams and changed the status quo! 

#women #powerful #inspiring #quotes ",Carousel,81.26,1162,1430,"#women, #powerful, #inspiring, #quotes",03/07/2025
"Acies Global in the News: Introducing GreenMath.AI – Where Sustainability Meets Strategy 🚀​ 

We’re excited to share that Acies has launched www.greenmath.ai, a first-of-its-kind Competitive Sustainability platform designed to help businesses compete and win through sustainable innovation.

In today’s market, sustainability is no longer just a compliance task—it’s a competitive edge. GreenMath empowers companies to measure, plan, and evaluate sustainable initiatives while ensuring clear RoI and business value.

🍀 Why this matters:
▪️ Transition from mandate-driven to market-driven sustainability.
▪️Communicate the value of eco-conscious choices to consumers, partners, and communities.
▪️Leverage sustainability as a strategic tool, alongside pricing and branding.

As Vineet Agarwal, our Competitive Sustainability Evangelist, says: “GreenMath transforms green initiatives into a winning strategic paradigm.”

Proud to see Acies Global in the spotlight for driving this critical shift. 
👉 Learn more about how GreenMath is redefining sustainability as a competitive advantage: Read the full release here: https://lnkd.in/g6sb_hJX

#sustainability #innovation #greenmath #news",Image,8.68,212,2441,"#sustainability, #innovation, #greenmath, #news",03/05/2025
"We asked Sundar Bhuvaneswaran to take on a fun challenge: identifying our team members just by listening to their voices! 

Here’s how it went! ✨ 

#fun #team #office ",Video,12.65,253,2000,"#fun, #team, #office",03/04/2025
"We at Acies are excited to reveal GreenMath, a business-first sustainability platform. GreenMath is a platform built with the vision that enterprises must think of Sustainability as a competitive advantage and go beyond regular compliance to make it part of their overall strategy. Brought to you by the Climetrics team, a sustainability practice incubated at Acies Global.

🔗 www.greenmath.ai

#climatetech #sustainability #climetrics ",Image,8.58,536,6245,"#climatetech, #sustainability, #climetrics",02/21/2025
"Here’s Acies Global's perspective on the climate movement: how the climate discourse is evolving and what the future might hold. At Acies, we are dedicated to enabling businesses to be sustainable - not just for reporting, but to use it as a competitive edge. We look forward to sharing some exciting announcements in this area soon. 

https://lnkd.in/gsTu8QjN
 

#sustainability #climatetech #climatechange",Image,9.1,235,2583,"#sustainability, #climatetech, #climatechange",02/17/2025
"How is Acies Global harnessing the power of GenAI to accelerate innovation and reduce time to market? 

Here’s what our founder shared in an exclusive interview with CDO Magazine",Article,6.63,85,1282,Null,02/14/2025
"📢 We're Hiring!

We’re on the lookout for talented individuals to join our team! If your skills and experience align with any of the roles below, we’d love to connect with you.

Open Positions:
🔹 Power BI Analyst
🔹 Data Scientist
🔹 Business Development Executive
🔹 Adobe Consultant
🔹 Data Engineer
🔹 Supply Chain Consultant - o9

📩 Interested? Send your resume to hr.recruit@aciesglobal.com with the position you’re applying for in the subject line.

#hiring #hiringalert #jobs #recruitment ",Image,10.18,2309,22674,"#hiring, #hiringalert, #jobs, #recruitment",02/11/2025
"The people you know. The stories you didn’t. Beyond the keyboards, screens, boardrooms, and meetings. Here's the incredible story of our Kavya Srinivas and her journey of creating meaningful impact!


#innovation #creativity #impact #careers",Video,9.17,186,2028,"#innovation, #creativity, #impact, #careers",02/03/2025
"We are thrilled to welcome a new group of energetic and talented interns to the Acies family. 

Here's to new beginnings and a successful journey together! ✨

#team #interns #talent #hiring
",Image,16.5,1334,8087,"#team, #interns, #talent, #hiring",01/29/2025
"Celebrating the spirit of freedom, unity, and the strength of one of the world's largest democracies. Happy Republic Day! ✨ 


#Republicday #India #2025",Image,4.73,58,1226,"#Republicday, #India, #2025",01/26/2025
"We are thrilled to welcome Shankar Veeraraghavan who joins us as VP - Head of Operations. With an impressive career of over 25 years, Shankar brings extensive experience in multiple client management and delivery management roles in diverse geographies.

His proven ability in driving efficiency in large delivery organizations by streamlining processes makes him a perfect fit for Acies as we continue empowering organizations to unlock value through creation, scaling, and consumption of insights.

Here’s to achieving great #milestones together!",Image,11.19,1018,9097,#milestones,01/21/2025
"In this interview, Mukund Raghunath shares the vision and journey behind Acies, highlighting how we empower organizations in unlocking value through creation, scaling, and consumption of insights.

Della Shea CDO Magazine",Article,5.48,82,1495,Null,01/20/2025
"Makar Sankranti, Pongal, Lohri, Magh Bihu...
The names and traditions may vary, but the spirit of the festival remains the same—celebrating the arrival of spring, honoring abundance, and embracing gratitude.

The entire team at Acies wishes you a prosperous festive season! ✨ 


#celebration #festivities #joy #life #inspiration ",Image,5.85,124,2119,"#celebration, #festivities, #joy, #life, #inspiration",01/13/2025
"Encouraging organizations to consider sustainability initiatives as vital areas of competition, on par with the traditional ones like pricing and quality, Mukund Raghunath  delves into practical aspects of the Acies Perspective on sustainability in this article with AIM Research. https://lnkd.in/g-uncfjh

Kashyap Raibagi 

#sustainability #carbonfootprint #datascience 
",Article,8.3,134,1614,"#sustainability, #carbonfootprint, #datascience",01/10/2025
"Curious about how we address real-world challenges at Acies?
Here's our recent case study on enhancing efficiency for a GenAI Q&A Product.

Know more here: https://lnkd.in/gxT2-RfD

#casestudy #genai #data #research 

Abhibrata Chaudhuri Prithwis Das",Carousel,56.94,861,1512,"#casestudy, #genai, #data, #research",01/08/2025
"We are pleased to announce that Rick D. Blasgen, one of the leading authorities on supply chain management, will be joining our Advisory Board.

Blasgen is president and chief executive officer, emeritus, and current strategic advisor of the Council of Supply Chain Management Professionals (CSCMP) in Lombard, Illinois, USA. He is a trusted source, sought out by many as a preeminent strategist and voice for the future of the discipline. His visionary leadership has significantly influenced the direction of supply chain practices on a global scale. His professional experience provided the foundation for CSCMP to bring contemporary supply chain strategies to the forefront and to develop and provide education and focused training to many companies. He oversaw the development and publication of the Annual State of Logistics Report, which offers a snapshot of the American economy via the lens of the logistics sector and its role in overall supply chains.

Blasgen has an extensive background in the supply chain space, having held leadership positions at leading firms such as Nabisco, Kraft, and ConAgra Foods. Blasgen was designated by the US Department of Commerce in 2011 to serve as the Chair of the Advisory Committee on Supply Chain Competitiveness (ACSCC), providing the Administration advice and counsel on issues and concerns that affect the supply chain sector. 

At Acies, we are honored to have Rick Blasgen’s unparalleled expertise and guidance as we scale our impact in the supply chain space.

Welcome aboard, Rick Blasgen!

We’re excited to shape the future together! 

#SupplyChain #AdvisoryBoard #DigitalTransformation #Analytics #Leadership #Innovation #Acies
",Image,8.08,180,2228,"#SupplyChain, #AdvisoryBoard, #DigitalTransformation, #Analytics, #Leadership, #Innovation, #Acies",01/03/2025
"Join us as we fondly remember the year gone by.

And, here's wishing you all bright days ahead in 2025! ✨

#memories #lookback #throwback #newyear ",Video,12.92,208,1610,"#memories, #lookback, #throwback, #newyear",01/01/2025
"As we move into 2025, we're excited about the possibilities that lie ahead in the data and technology domains.
 
We asked some of our folks at Acies  what they think will be the top trends to look for next year, and here's what they had to say:

#technology #data #trends #Newyear2025 #ai 


Vamsi Priyatham Dr. Geetha M Abhibrata Chaudhuri Loganathan Sivalingam ATHARV B. Preethi Srikanth Diwakar M Hemachandran Udayakumar ",Carousel,88.73,1622,1828,"#technology, #data, #trends, #Newyear2025, #ai",12/31/2024
"We asked our team to share their favorite Christmas 🎅 memories. 
🎄☃️ Here’s what they had to say.

Happy holidays from all of us at Acies!  
#Christmas #holidays #celebration #joy   ",Video,11.35,241,2124,"#Christmas, #holidays, #celebration, #joy",12/24/2024
"Curious about how we address real-world challenges at Acies Global?

Here's our recent case study on enabling an ETL pipeline from GA4 to Snowflake.

To know more, visit: https://lnkd.in/gxT2-RfD

#snowflake #analytics #innovation #data",Carousel,51.4,897,1745,"#snowflake, #analytics, #innovation, #data",12/18/2024
"National Energy Conservation Day: From Thought to Action

This National Energy Conservation Day, we reflect on our progress in addressing climate change. Conserving energy isn’t just a goal—it’s a responsibility to future generations. Small changes like using energy-efficient devices,💡 managing resources wisely, and adopting green energy can greatly reduce our carbon footprint and create a healthier planet. ♻️

We must, however, acknowledge a key challenge: The world is evolving rapidly, and energy sustainability is still an afterthought in organizations. Focus must be on attaining sustainability goals while maximizing both environmental and business value. At Acies Global, we are using advanced analytics and cutting-edge technologies to help make this a competitive advantage.

We leave you with this thought:
""Today's wastage is tomorrow's shortage""

#EnergyConservation #ClimateAction #CorporateSustainability #Climetrics #SustainabilityWithAcies #DataDrivenDecisions
",Image,7.18,85,1184,"#EnergyConservation, #ClimateAction, #CorporateSustainability, #Climetrics, #SustainabilityWithAcies, #DataDrivenDecisions",12/14/2024
"The Acies Team from Bangalore had an absolute blast 💥 during the recent team outing at RR Retreat! It was a great time to strengthen ties and for everyone to bond through many fun activities, like human foosball ⚽, rope courses 🧗‍♀️, cricket 🏏 volleyball, mist dance, and so much more. 

It really shows that at Acies , we know how to have a good time just as much as we know how to beat those deadlines. 🤗",Video,8.37,174,2080,Null,12/12/2024
"We are excited to welcome a new group of interns to Acies Global! 
We look forward to the fresh ideas and insights they will bring to the table as we kick off this new journey together!

#dynamicteam #analytics #technology #datascience 
",Image,16.29,1061,6514,"#dynamicteam, #analytics, #technology, #datascience",12/04/2024
"As Black Friday - the Bellwether for the holiday season sales - approaches, here are some interesting tidbits of shopping trends and buying preferences! Let's dive in together!

#supplychain #blackfriday #analytics #datascience",Carousel,63.94,1654,2587,"#supplychain, #blackfriday, #analytics, #datascience",11/28/2024
"Celebrating Fibonacci! 🎉 The mastermind behind the iconic sequence that transformed mathematics and continues to inspire innovation.

#mathematics #innovation #sequence #statistics",Video,5.63,64,1136,"#mathematics, #innovation, #sequence, #statistics",11/23/2024
"In the first segment of our new blog series, Hemachandran Udayakumar and Eswar E write about Design Patterns, starting with the standard three - Singleton, Factory, and Observer patterns. This guide offers practical insights to simplify software design and improve efficiency.

Read more to explore how these patterns can streamline your development process. 

https://lnkd.in/gTTFkCih

#DesignPatterns #SoftwareDevelopment #technology
",Image,10.34,205,1982,"#DesignPatterns, #SoftwareDevelopment, #technology",11/21/2024
"We are excited to welcome Preethi Srikanth to Acies Global!
Welcome aboard, Preethi! 

#datascience #technology #analytics #lifeatacies",Image,13.69,354,2586,"#datascience, #technology, #analytics, #lifeatacies",11/19/2024
"The people you know. The stories you didn’t. Beyond the keyboards, screens, boardrooms, and meetings. Here's the incredible story of our Nidhi Sooda and her journey of creating meaningful impact!

#creatingimpact #learn #analytics #technology #datascience ",Video,12.63,238,1884,"#creatingimpact, #learn, #analytics, #technology, #datascience",11/12/2024
"It was a complete delight to host Mr. Arvind Nathan, SVP of Private Brands & Sourcing at The Michaels Companies, Inc., at our office.

We had an engaging session packed with valuable insights, where Arvind shared the nuances of running a successful business.
We enjoyed every minute of his visit and look forward to hosting him again soon.

#privatebrands #analytics #datascience #technology #insights",Carousel,73.58,1345,1828,"#privatebrands, #analytics, #datascience, #technology, #insights",11/11/2024
"Reimagining the Data & AI Landscape
In this episode of Simulated Reality, Bhasker Gupta dives into a conversation with our CEO, Mukund Raghunath, on the rapidly changing worlds of data science, engineering, and AI. 

Mukund shares thought-provoking insights on why real-time analytics, scalable models, and a collaborative approach are essential for businesses to thrive in today’s data-driven world.

Watch now for a fresh perspective on the future of data science and AI! 
https://lnkd.in/g3jXRMhx

AIM",Text,4.49,141,3140,Null,11/08/2024
"In this blog, Kumar M explores key analytical concepts that serve as building blocks for effective Assortment Planning ,guiding retailers strike balance between variety and profitability. Dive into the blog to learn how these concepts can help optimize product offerings, drive operational efficiency, and meet diverse customer needs.

https://lnkd.in/gYPCG-SJ

#datascience #analytics #decisiontree #assortmentplanning #optimize #operationalefficiency",Image,6.89,238,3453,"#datascience, #analytics, #decisiontree, #assortmentplanning, #optimize, #operationalefficiency",11/07/2024
"Curious about how we address real-world challenges at Acies Global?
Here's our recent case study on demand forecasting for a renowned industrial manufacturer.

For more information, visit https://lnkd.in/gxT2-RfD

#analytics #technology #datascience #demandforecasting #industry",Carousel,43.7,745,1705,"#analytics, #technology, #datascience, #demandforecasting, #industry",11/04/2024
